author,theme,n,proportion
Khaldun,human_society,1280,0.4406196213425129
Humboldt,nature,1170,0.5234899328859061
Somerville,nature,1054,0.5283208020050125
Khaldun,nature,604,0.20791738382099828
Khaldun,science,476,0.163855421686747
Humboldt,science,378,0.1691275167785235
Humboldt,systems,344,0.15391498881431767
Somerville,systems,343,0.17192982456140352
Khaldun,philosophy,300,0.10327022375215146
Somerville,science,258,0.1293233082706767
Goethe,nature,237,0.36517719568567025
Khaldun,systems,178,0.0612736660929432
Goethe,science,162,0.24961479198767333
Somerville,philosophy,157,0.0786967418546366
Humboldt,change,135,0.06040268456375839
Somerville,change,134,0.06716791979949875
Humboldt,human_society,117,0.052348993288590606
Goethe,systems,104,0.16024653312788906
Humboldt,philosophy,91,0.0407158836689038
Goethe,philosophy,83,0.12788906009244994
Khaldun,change,67,0.02306368330464716
Somerville,human_society,49,0.02456140350877193
Goethe,change,42,0.06471494607087827
Goethe,human_society,21,0.032357473035439135
