author,theme,n
Khaldun,human_society,1280
Humboldt,nature,1170
Somerville,nature,1054
Khaldun,nature,604
Khaldun,science,476
Humboldt,science,378
Humboldt,systems,344
Somerville,systems,343
Khaldun,philosophy,300
Somerville,science,258
Goethe,nature,237
Khaldun,systems,178
Goethe,science,162
Somerville,philosophy,157
Humboldt,change,135
Somerville,change,134
Humboldt,human_society,117
Goethe,systems,104
Humboldt,philosophy,91
Goethe,philosophy,83
Khaldun,change,67
Somerville,human_society,49
Goethe,change,42
Goethe,human_society,21
